id,nome,artistas,album,release_date,duracao_ms,popularity,explicit,url
1WioQWthSxR9RgaA2dRH4y,Anima Mundi,Dionysus,Anima Mundi,2004-01-19,213733,43,False,https://open.spotify.com/track/1WioQWthSxR9RgaA2dRH4y
2J5OMuMkCO4y4g7eqzzmCx,Rondo a La Turca,Dragonland,The Battle of the Ivory Plains (Deluxe Edition),2001-03-12,104520,25,False,https://open.spotify.com/track/2J5OMuMkCO4y4g7eqzzmCx
1BaJ4KLFgnveSRGKBwRWve,Heroes,Masterplan,Masterplan,2003-01-20,213573,44,False,https://open.spotify.com/track/1BaJ4KLFgnveSRGKBwRWve
69dV2ToFh7MXO7i6aPT1zb,Epicus Furor,Rhapsody,Symphony of Enchanted Lands,1998,74506,29,False,https://open.spotify.com/track/69dV2ToFh7MXO7i6aPT1zb
5UQiOGk3n63zuv4LgNRFX7,Speed of Light,Stratovarius,Episode (Original Version),1996-08-29,183266,42,False,https://open.spotify.com/track/5UQiOGk3n63zuv4LgNRFX7
2GSjl5QhCMrG08UvLfFiSW,In Excelsis,ANGRA,Rebirth,2001,63146,0,False,https://open.spotify.com/track/2GSjl5QhCMrG08UvLfFiSW
4hDYYEsCDLRlcBO8TbL8TK,Nova Era,ANGRA,Rebirth,2001,292120,0,False,https://open.spotify.com/track/4hDYYEsCDLRlcBO8TbL8TK
2L0vl2wEB5sko4tJlhlELI,Millennium Sun,ANGRA,Rebirth,2001,311453,0,False,https://open.spotify.com/track/2L0vl2wEB5sko4tJlhlELI
3w1E8naCvkSDjSOEVpAo0X,Acid Rain,ANGRA,Rebirth,2001,367826,0,False,https://open.spotify.com/track/3w1E8naCvkSDjSOEVpAo0X
7cNyONpVADZVrW9xe3qq4z,Heroes of Sand,ANGRA,Rebirth,2001,279346,0,False,https://open.spotify.com/track/7cNyONpVADZVrW9xe3qq4z
42OsDWM7jc6KsNzIPevV3y,Unholy Wars,ANGRA,Rebirth,2001,493893,0,False,https://open.spotify.com/track/42OsDWM7jc6KsNzIPevV3y
1hEVuE88R6SC3Q8ogis00B,Rebirth,ANGRA,Rebirth,2001,317573,0,False,https://open.spotify.com/track/1hEVuE88R6SC3Q8ogis00B
2VMIk0ncqOsDe8u1fxWPv8,Judgement Day,ANGRA,Rebirth,2001,340173,0,False,https://open.spotify.com/track/2VMIk0ncqOsDe8u1fxWPv8
1jXuJmal87vnGSGAEvMsC3,Running Alone,ANGRA,Rebirth,2001,434173,0,False,https://open.spotify.com/track/1jXuJmal87vnGSGAEvMsC3
5On9UXGKTHd7NuxiC2QzyX,Visions Prelude,ANGRA,Rebirth,2001,272000,0,False,https://open.spotify.com/track/5On9UXGKTHd7NuxiC2QzyX
3f5JMe8WsTVqUMlgWJxhQQ,Carry On,ANGRA,Angels Cry,1993,305093,0,False,https://open.spotify.com/track/3f5JMe8WsTVqUMlgWJxhQQ
5DrkawyIGaFlnWqDqZwuEe,Wishing Well,ANGRA,Temple of Shadows,2004-11-15,241573,0,False,https://open.spotify.com/track/5DrkawyIGaFlnWqDqZwuEe
02fRcwuJ1JGrthFULV03th,The Temple of Hate,ANGRA,Temple of Shadows,2004-11-15,315440,0,False,https://open.spotify.com/track/02fRcwuJ1JGrthFULV03th
3tMOHXczJyzFCitFAjLUY7,The Shadow Hunter,ANGRA,Temple of Shadows,2004-11-15,488493,0,False,https://open.spotify.com/track/3tMOHXczJyzFCitFAjLUY7
61mWefnWQOLf90gepjOCb3,Duality,Slipknot,Vol. 3: The Subliminal Verses,2004,252613,76,False,https://open.spotify.com/track/61mWefnWQOLf90gepjOCb3
6wqJeItl3Vc3az4ZicSQAB,Before I Forget,Slipknot,Vol. 3: The Subliminal Verses,2004,278600,72,False,https://open.spotify.com/track/6wqJeItl3Vc3az4ZicSQAB
3RAFcUBrCNaboRXoP3S5t1,Psychosocial,Slipknot,All Hope Is Gone (10th Anniversary),2008-08-20,284120,72,False,https://open.spotify.com/track/3RAFcUBrCNaboRXoP3S5t1
3RptaQ5Xb8WvtpItZ2f9Hi,Snuff,Slipknot,All Hope Is Gone,2008-08-22,276146,62,False,https://open.spotify.com/track/3RptaQ5Xb8WvtpItZ2f9Hi
0Y2i84QWPFiFHQfEQDgHya,People = Shit,Slipknot,Iowa,2001,215600,65,True,https://open.spotify.com/track/0Y2i84QWPFiFHQfEQDgHya
4OROzZUy6gOWN4UGQVaZMF,The Trooper - 2015 Remaster,Iron Maiden,Piece of Mind (2015 Remaster),1983,252733,69,False,https://open.spotify.com/track/4OROzZUy6gOWN4UGQVaZMF
6p8eFfPw3nQkf37aT3AkmK,Fear of the Dark - 2015 Remaster,Iron Maiden,Fear of the Dark (2015 Remaster),1992,438120,66,False,https://open.spotify.com/track/6p8eFfPw3nQkf37aT3AkmK
3nlGByvetDcS1uomAoiBmy,The Number of the Beast - 2015 Remaster,Iron Maiden,The Number of the Beast (2015 Remaster),1982,290586,63,False,https://open.spotify.com/track/3nlGByvetDcS1uomAoiBmy
66iX4HzM7YnmxmUZOSCG2F,"Cry for the Moon (The Embrace That Smothers , Pt. 4)",Epica,The Phantom Agony (Expanded Edition),2003,406040,49,False,https://open.spotify.com/track/66iX4HzM7YnmxmUZOSCG2F
5Souga96S54RLFk30XrEJP,Sensorium,Epica,The Phantom Agony (Expanded Edition),2003,289306,47,False,https://open.spotify.com/track/5Souga96S54RLFk30XrEJP
0JuzTrx88KvnzsieD75OE5,Feint,Epica,The Phantom Agony (Expanded Edition),2003,260026,39,False,https://open.spotify.com/track/0JuzTrx88KvnzsieD75OE5
7L0D03ysxHvDhzs8zpIeoY,Run for a Fall,Epica,The Phantom Agony (Expanded Edition),2003,392893,29,False,https://open.spotify.com/track/7L0D03ysxHvDhzs8zpIeoY
51TG9W3y9qyO8BY5RXKgnZ,Symphony Of Destruction,Megadeth,Countdown To Extinction (Expanded Edition - Remastered),1992-07-14,246733,62,False,https://open.spotify.com/track/51TG9W3y9qyO8BY5RXKgnZ
5LyRtsQLhcXmy50VXhQXXS,Holy Wars...The Punishment Due - 2004 Remix,Megadeth,Rust In Peace (2004 Remix / Expanded Edition),1990-10-04,392600,63,False,https://open.spotify.com/track/5LyRtsQLhcXmy50VXhQXXS
4E5xVW505akJX0wcKj8Mpd,Tornado Of Souls - 2004 Remix,Megadeth,Rust In Peace (2004 Remix / Expanded Edition),1990-10-04,319266,60,False,https://open.spotify.com/track/4E5xVW505akJX0wcKj8Mpd
6olS0TmHmsGr0hXtcBsiVM,A Tout Le Monde - Remastered 2004,Megadeth,Youthanasia (Expanded Edition - Remastered),1994-10-28,262133,61,False,https://open.spotify.com/track/6olS0TmHmsGr0hXtcBsiVM
0WTc2jsUgF4Y2MOz0aYvsR,Paranoid,Megadeth,Hidden Treasures,1995,152600,51,True,https://open.spotify.com/track/0WTc2jsUgF4Y2MOz0aYvsR
6b6uLZsoGhObYexIxnRbIb,Hangar 18 - 2004 Remix,Megadeth,Rust In Peace (2004 Remix / Expanded Edition),1990-10-04,311200,56,False,https://open.spotify.com/track/6b6uLZsoGhObYexIxnRbIb
2MuWTIM3b0YEAskbeeFE1i,Master Of Puppets,Metallica,Master Of Puppets (Remastered),1986-03-03,515386,73,False,https://open.spotify.com/track/2MuWTIM3b0YEAskbeeFE1i
1f9UFqewBrLP6d7pM6rzFJ,Nothing to Say,ANGRA,Holy Land,1996,384066,0,False,https://open.spotify.com/track/1f9UFqewBrLP6d7pM6rzFJ
5MhNgheI9IjDxQS5XQ3Ojo,She-Wolf - Remastered 2004 / Remixed,Megadeth,Cryptic Writings (Expanded Edition - Remastered),1997-06-17,217800,51,False,https://open.spotify.com/track/5MhNgheI9IjDxQS5XQ3Ojo
0ZOGpndyJeLZ0d7tEiqTq1,Time,ANGRA,Angels Cry,1993,357773,0,False,https://open.spotify.com/track/0ZOGpndyJeLZ0d7tEiqTq1
3Dhyx2m7SxoEiU674hm8w1,Black Widow's Web,"ANGRA, Alissa White-Gluz, Sandy",Ømni,2018-02-16,349197,30,False,https://open.spotify.com/track/3Dhyx2m7SxoEiU674hm8w1
0mmBl6mjvsB5qTWRae8IqT,Evil Papagali,Massacration,Gates Of Metal Fried Chicken Of Death,2005-10-10,291453,34,False,https://open.spotify.com/track/0mmBl6mjvsB5qTWRae8IqT
2DlHlPMa4M17kufBvI2lEN,Chop Suey!,System Of A Down,Toxicity,2001-09-04,210240,79,False,https://open.spotify.com/track/2DlHlPMa4M17kufBvI2lEN
0snQkGI5qnAmohLE7jTsTn,Toxicity,System Of A Down,Toxicity,2001-09-04,218933,80,False,https://open.spotify.com/track/0snQkGI5qnAmohLE7jTsTn
4e9eGQYsOiBcftrWXwsVco,Aerials,System Of A Down,Toxicity,2001-09-04,235053,77,False,https://open.spotify.com/track/4e9eGQYsOiBcftrWXwsVco
1VNWaY3uNfoeWqb5U8x2QX,Lonely Day,System Of A Down,Hypnotize,2005-11-22,167906,75,False,https://open.spotify.com/track/1VNWaY3uNfoeWqb5U8x2QX
0EYOdF5FCkgOJJla8DI2Md,B.Y.O.B.,System Of A Down,Mezmerize,2005-05-17,255466,73,True,https://open.spotify.com/track/0EYOdF5FCkgOJJla8DI2Md
6VzV6RI7641o57TuqfGRpj,Psycho,System Of A Down,Toxicity,2001-09-04,225893,58,False,https://open.spotify.com/track/6VzV6RI7641o57TuqfGRpj
6f1HJMVJ1CgUeCIM6r795H,Soldier Side - Intro,System Of A Down,Mezmerize,2005-05-17,63666,49,False,https://open.spotify.com/track/6f1HJMVJ1CgUeCIM6r795H
47EqCQZG5v4o0WFMufGf5S,Cigaro,System Of A Down,Mezmerize,2005-05-17,131706,64,True,https://open.spotify.com/track/47EqCQZG5v4o0WFMufGf5S
41pOIT2t1rvr2Trg1HQChZ,Radio/Video,System Of A Down,Mezmerize,2005-05-17,249226,65,False,https://open.spotify.com/track/41pOIT2t1rvr2Trg1HQChZ
249Z7XT6mf8B2zuI0RaeS0,Violent Pornography,System Of A Down,Mezmerize,2005-05-17,211333,67,True,https://open.spotify.com/track/249Z7XT6mf8B2zuI0RaeS0
0GrHWVTDsaWcD4nrCGr7VE,Lost In Hollywood,System Of A Down,Mezmerize,2005-05-17,320693,61,False,https://open.spotify.com/track/0GrHWVTDsaWcD4nrCGr7VE
28TReO2Mxk9Q3GA4K98YSz,Kill Rock 'n Roll,System Of A Down,Hypnotize,2005-11-22,147960,57,True,https://open.spotify.com/track/28TReO2Mxk9Q3GA4K98YSz
5uMTA9SIe0sE4dnHHSHaYz,Vicinity Of Obscenity,System Of A Down,Hypnotize,2005-11-22,171800,62,False,https://open.spotify.com/track/5uMTA9SIe0sE4dnHHSHaYz
1ez4uWPnJwYufNhYTLVsJr,Soldier Side,System Of A Down,Hypnotize,2005-11-22,220266,58,False,https://open.spotify.com/track/1ez4uWPnJwYufNhYTLVsJr
31RTFPrB7wmYBhlkM2ILXG,Sugar,System Of A Down,System Of A Down,1998,153800,70,True,https://open.spotify.com/track/31RTFPrB7wmYBhlkM2ILXG
4vAHXnJ5YWLq5hbIVzZS1h,Spiders,System Of A Down,System Of A Down,1998,215440,65,False,https://open.spotify.com/track/4vAHXnJ5YWLq5hbIVzZS1h
5Q7m1Km199HHMB926xxbrs,War?,System Of A Down,System Of A Down,1998,160493,57,False,https://open.spotify.com/track/5Q7m1Km199HHMB926xxbrs
53QqFzAWnl7D8IVBvCmRtc,Peephole,System Of A Down,System Of A Down,1998,244093,48,False,https://open.spotify.com/track/53QqFzAWnl7D8IVBvCmRtc
3RgDvs9Jpvn3kUuaTek1R5,I-E-A-I-A-I-O,System Of A Down,Steal This Album!,2002-11-26,188600,67,True,https://open.spotify.com/track/3RgDvs9Jpvn3kUuaTek1R5
4sM7v7wyRAuV6ZTO2dvnCA,Roulette,System Of A Down,Steal This Album!,2002-11-26,201200,59,False,https://open.spotify.com/track/4sM7v7wyRAuV6ZTO2dvnCA
5sICkBXVmaCQk5aISGR3x1,Enter Sandman,Metallica,Metallica,1991-08-12,331266,77,False,https://open.spotify.com/track/5sICkBXVmaCQk5aISGR3x1
0nLiqZ6A27jJri2VCalIUs,Nothing Else Matters,Metallica,Metallica,1991-08-12,388266,76,False,https://open.spotify.com/track/0nLiqZ6A27jJri2VCalIUs
6ursmCnbc9oDRGa2yHKkoZ,Roots Bloody Roots,Sepultura,Roots,1996-02-20,212253,60,False,https://open.spotify.com/track/6ursmCnbc9oDRGa2yHKkoZ
0QRxtcxL31dRAeiUUuENPu,Territory,Sepultura,Chaos A.D.,1993-09-02,287480,54,False,https://open.spotify.com/track/0QRxtcxL31dRAeiUUuENPu
3GjY6M7M4omly658FAMJxK,Reaching Horizons,ANGRA,Freedom Call,1996,308200,0,False,https://open.spotify.com/track/3GjY6M7M4omly658FAMJxK
5MxNLUsfh7uzROypsoO5qe,Dream On,Aerosmith,Aerosmith,1973-01-05,266960,24,False,https://open.spotify.com/track/5MxNLUsfh7uzROypsoO5qe
2eB7JqIY4hTTSz31h6bjwR,Through The Fire And Flames,DragonForce,Inhuman Rampage,2006-01-09,439120,1,False,https://open.spotify.com/track/2eB7JqIY4hTTSz31h6bjwR
79shb2mrLcfumUZAUugxSw,Pagan,Vitalism,Causa,2015-06-23,268324,27,False,https://open.spotify.com/track/79shb2mrLcfumUZAUugxSw
1nNG2Ds6UMZc62N7o7372T,"Pagan, Pt. 2",Vitalism,SY,2017-12-18,323680,30,False,https://open.spotify.com/track/1nNG2Ds6UMZc62N7o7372T
4S19lGrWWK5THBmb5dAjL1,Metal Is The Law,Massacration,Gates Of Metal Fried Chicken Of Death,2005-10-10,225746,36,False,https://open.spotify.com/track/4S19lGrWWK5THBmb5dAjL1
5o9ix2w4sFfrioXlv0qQ8N,Pagan III,Vitalism,Pagan III,2021-04-23,224000,0,False,https://open.spotify.com/track/5o9ix2w4sFfrioXlv0qQ8N
6AhwAWzSlISc5ZvGonkgdN,Playing God,Polyphia,Remember That You Will Die,2022-10-28,205925,0,False,https://open.spotify.com/track/6AhwAWzSlISc5ZvGonkgdN
7xyvWSVkxaoLdSuEdgdhBe,Ego Death (feat. Steve Vai),"Polyphia, Steve Vai",Remember That You Will Die,2022-10-28,350085,0,False,https://open.spotify.com/track/7xyvWSVkxaoLdSuEdgdhBe
0YPuRrM2NwzdtuShUKkts6,G.O.A.T.,Polyphia,New Levels New Devils,2018-10-12,215998,51,False,https://open.spotify.com/track/0YPuRrM2NwzdtuShUKkts6
0O26gtfjuscAOnQobjNPPL,To the Hellfire,Lorna Shore,To the Hellfire,2021-06-11,369786,57,True,https://open.spotify.com/track/0O26gtfjuscAOnQobjNPPL
227jOVNY1MrE5MkUcQRhsk,Pain Remains I: Dancing Like Flames,Lorna Shore,Pain Remains,2022-10-14,352560,56,False,https://open.spotify.com/track/227jOVNY1MrE5MkUcQRhsk
7IpJQhwrB4OYTYwOCiOxIs,"Pain Remains II: After All I've Done, I'll Disappear",Lorna Shore,Pain Remains,2022-10-14,336813,52,True,https://open.spotify.com/track/7IpJQhwrB4OYTYwOCiOxIs
6wgKN7mUq1CvQBnQKzjeKt,Pain Remains III: In a Sea of Fire,Lorna Shore,Pain Remains,2022-10-14,552613,51,True,https://open.spotify.com/track/6wgKN7mUq1CvQBnQKzjeKt
60fUDmIWuKhngaeBIVhqIV,Stranded,Gojira,Magma,2016-06-17,269533,63,False,https://open.spotify.com/track/60fUDmIWuKhngaeBIVhqIV
5uunXHE4kIW6uS4HWAXaOQ,Silvera,Gojira,Magma,2016-06-17,212653,58,False,https://open.spotify.com/track/5uunXHE4kIW6uS4HWAXaOQ
5EEMizxBSufXnb4Lbr5w1i,Morning Star,ANGRA,Temple of Shadows,2004-11-15,461466,0,False,https://open.spotify.com/track/5EEMizxBSufXnb4Lbr5w1i
7MEHTWzEi3z7P2jEWAcdHZ,Eyeless,Slipknot,Slipknot (10th Anniversary Edition),2009-09-09,236360,60,True,https://open.spotify.com/track/7MEHTWzEi3z7P2jEWAcdHZ
1DUyJ8wPj4hsgnr3H5xfJ9,Chrysalism,Kryour,Chrysalism,2023-08-04,208571,13,False,https://open.spotify.com/track/1DUyJ8wPj4hsgnr3H5xfJ9
1P5v2K9wmZuWe1a5AhTkeG,Ride Into The Storm,ANGRA,Ride Into The Storm,2023-08-04,372221,14,False,https://open.spotify.com/track/1P5v2K9wmZuWe1a5AhTkeG
2o4AknH1hXnleCRW2rH45w,Blackbird,Alter Bridge,Blackbird,2007-01-01,478133,51,False,https://open.spotify.com/track/2o4AknH1hXnleCRW2rH45w
5aVKIdM550lRzk7rFbPcF7,Chimera (feat. Lil West),"Polyphia, Lil West",Remember That You Will Die,2022-10-28,236653,0,True,https://open.spotify.com/track/5aVKIdM550lRzk7rFbPcF7
71N78jUmfhLeRDlLd8elfl,Genesis (feat. Brasstracks),"Polyphia, Brasstracks",Remember That You Will Die,2022-10-28,194631,0,False,https://open.spotify.com/track/71N78jUmfhLeRDlLd8elfl
2y0w6lpY8SGTuY8LglChi6,The Audacity (feat. Anomalie),"Polyphia, Anomalie",Remember That You Will Die,2022-10-28,144044,0,False,https://open.spotify.com/track/2y0w6lpY8SGTuY8LglChi6
1W5zSvAeIXlw6odInPE4m5,Reverie,Polyphia,Remember That You Will Die,2022-10-28,242693,0,False,https://open.spotify.com/track/1W5zSvAeIXlw6odInPE4m5
4c8TMfsKJIrRgCWs8LCEbQ,ABC (feat. Sophia Black),"Polyphia, Sophia Black",Remember That You Will Die,2022-10-28,152361,0,True,https://open.spotify.com/track/4c8TMfsKJIrRgCWs8LCEbQ
7lftB3f1vir7xBnYzEnaUr,Memento Mori (feat. Killstation),"Polyphia, Killstation",Remember That You Will Die,2022-10-28,164131,0,False,https://open.spotify.com/track/7lftB3f1vir7xBnYzEnaUr
4iUNFztAZqeaKvxvJQ8J2V,Fuck Around and Find Out (feat. $NOT),"Polyphia, $NOT",Remember That You Will Die,2022-10-28,151318,0,True,https://open.spotify.com/track/4iUNFztAZqeaKvxvJQ8J2V
4iDH45ZVIdHzDhLYd1FyKF,All Falls Apart,Polyphia,Remember That You Will Die,2022-10-28,79688,0,False,https://open.spotify.com/track/4iDH45ZVIdHzDhLYd1FyKF
0uzwUl56ZPCJtRlqhG5OFo,Neurotica,Polyphia,Remember That You Will Die,2022-10-28,194590,0,False,https://open.spotify.com/track/0uzwUl56ZPCJtRlqhG5OFo
2IMHE3XJcsqTIbSGOIY6Jy,Bloodbath (feat. Chino Moreno),"Polyphia, Chino Moreno",Remember That You Will Die,2022-10-28,230950,0,True,https://open.spotify.com/track/2IMHE3XJcsqTIbSGOIY6Jy
7ln7o4q6y9h8qEc6hGrtr1,Tears Don't Fall,Bullet For My Valentine,The Poison,2005,348386,54,True,https://open.spotify.com/track/7ln7o4q6y9h8qEc6hGrtr1
1LDknfsGl74Rg1smTpkvNy,Intro (feat. Apocalyptica),"Bullet For My Valentine, Apocalyptica",The Poison,2005,141453,30,False,https://open.spotify.com/track/1LDknfsGl74Rg1smTpkvNy
2LKrXLPnsC4rhf9OPYw4XF,Her Voice Resides,Bullet For My Valentine,The Poison,2005,258279,36,False,https://open.spotify.com/track/2LKrXLPnsC4rhf9OPYw4XF
6wxLzoQOePEa1hZjVJsIh8,4 Words (To Choke Upon),Bullet For My Valentine,The Poison,2005,223760,48,False,https://open.spotify.com/track/6wxLzoQOePEa1hZjVJsIh8
6XimI1O15wpfwUdrCnlrxo,All These Things I Hate (Revolve Around Me),Bullet For My Valentine,The Poison,2005,225440,56,False,https://open.spotify.com/track/6XimI1O15wpfwUdrCnlrxo
1z3LsJRCvln5qO5TOLduQM,Hand Of Blood,Bullet For My Valentine,The Poison,2005,216133,57,False,https://open.spotify.com/track/1z3LsJRCvln5qO5TOLduQM
00zkP499TJg8JboiVE10Rg,Odisseia,LVCAS,Odisseia,2023-09-12,238023,32,False,https://open.spotify.com/track/00zkP499TJg8JboiVE10Rg
1Uifdytv882RtTn6Gr4xAA,Chokehold,Sleep Token,Take Me Back To Eden,2023-05-19,304023,65,False,https://open.spotify.com/track/1Uifdytv882RtTn6Gr4xAA
0S38Oso3I9vpDXcTb7kYt9,The Summoning,Sleep Token,Take Me Back To Eden,2023-05-19,395716,69,False,https://open.spotify.com/track/0S38Oso3I9vpDXcTb7kYt9
5vJIVr0ZYo8DFbfSOY4Goa,Vore,Sleep Token,Take Me Back To Eden,2023-05-19,339606,59,False,https://open.spotify.com/track/5vJIVr0ZYo8DFbfSOY4Goa
2Z1eWq9VOXkCzUmcU6uoNe,Ascensionism,Sleep Token,Take Me Back To Eden,2023-05-19,428713,64,False,https://open.spotify.com/track/2Z1eWq9VOXkCzUmcU6uoNe
0GXwlEXCO8qeeeOIYpsR3m,Rain,Sleep Token,Take Me Back To Eden,2023-05-19,252158,68,False,https://open.spotify.com/track/0GXwlEXCO8qeeeOIYpsR3m
2Gt7fjNlx901pPRkvBiNBZ,Take Me Back To Eden,Sleep Token,Take Me Back To Eden,2023-05-19,500116,69,False,https://open.spotify.com/track/2Gt7fjNlx901pPRkvBiNBZ
2CCmVIcqK575y6GQhN6KYi,Tide Of Changes - Part II,"ANGRA, Vanessa Moreno",Tide Of Changes - Part II,2023-09-15,337651,10,False,https://open.spotify.com/track/2CCmVIcqK575y6GQhN6KYi
6gpGuilhRqdP4duCYXmvMW,Aviator,"Polyphia, Jason Richardson",Muse,2014-09-02,255975,39,False,https://open.spotify.com/track/6gpGuilhRqdP4duCYXmvMW
6MYzjR2rH0hfz91FsaR1ox,So Strange (feat. Cuco),"Polyphia, Cuco",New Levels New Devils,2018-10-12,240005,46,False,https://open.spotify.com/track/6MYzjR2rH0hfz91FsaR1ox
1joC1zThVy8sgBrHGoHe6M,Calling In Silence,"Chelsea Grin, Nate Johnson",My Damnation,2011-07-19,301053,23,False,https://open.spotify.com/track/1joC1zThVy8sgBrHGoHe6M
6pbaTgcj9kCmw9aPg2qONs,Hostage,Chelsea Grin,Eternal Nightmare,2018-07-13,196002,0,True,https://open.spotify.com/track/6pbaTgcj9kCmw9aPg2qONs
5SnK7pnWLXNiEbs3z1ISBG,Sing to the Grave,Chelsea Grin,Suffer in Heaven,2023-03-17,159417,43,False,https://open.spotify.com/track/5SnK7pnWLXNiEbs3z1ISBG
1A2MvoVOlxlPlPKJGrKjGY,Recreant,Chelsea Grin,Desolation Of Eden,2010-02-16,266826,45,True,https://open.spotify.com/track/1A2MvoVOlxlPlPKJGrKjGY
4pp9Yhne1AavWHck7OzGFD,"Don't Ask, Don't Tell",Chelsea Grin,Evolve,2012-06-19,321746,42,False,https://open.spotify.com/track/4pp9Yhne1AavWHck7OzGFD
2hZrfZkSYQGAyiwtPQ6U1p,Fathomless Maw,Chelsea Grin,Suffer in Heaven,2023-03-17,205058,34,False,https://open.spotify.com/track/2hZrfZkSYQGAyiwtPQ6U1p
4CBgp0F4HzYHn9g1oRYgaH,Machine,Born Of Osiris,Tomorrow We Die Alive,2013,264773,43,False,https://open.spotify.com/track/4CBgp0F4HzYHn9g1oRYgaH
3v3VFa7Dt32gNR27jfw7DG,40oz,Polyphia,The Most Hated,2017-07-14,233818,50,False,https://open.spotify.com/track/3v3VFa7Dt32gNR27jfw7DG
6ZDHFz6h8d93EPAIq5hDuE,Champagne,"Polyphia, Nick Johnston",Muse,2014-09-02,265384,45,False,https://open.spotify.com/track/6ZDHFz6h8d93EPAIq5hDuE
1U2yqd3Bp4vBuIQ3NGfS6C,O.D.,Polyphia,New Levels New Devils,2018-10-12,202163,44,False,https://open.spotify.com/track/1U2yqd3Bp4vBuIQ3NGfS6C
5l3WNlq4rag0fFP0TI9qeJ,The Worst,Polyphia,The Most Hated,2017-07-14,245779,46,False,https://open.spotify.com/track/5l3WNlq4rag0fFP0TI9qeJ
2v7iJcMoQcN40fK9XEb42q,Goose,Polyphia,The Most Hated,2017-07-14,255454,44,True,https://open.spotify.com/track/2v7iJcMoQcN40fK9XEb42q
4LoIgQo8l6wxTnRTOL1lvL,Saucy,Polyphia,New Levels New Devils,2018-10-12,184659,40,False,https://open.spotify.com/track/4LoIgQo8l6wxTnRTOL1lvL
5QZ7TEd3h6OysmdMHm0Mfj,Icronic,Polyphia,The Most Hated,2017-07-14,231243,42,False,https://open.spotify.com/track/5QZ7TEd3h6OysmdMHm0Mfj
6DZb3JYHOAV0RR0VTEMCIn,Nightmare,Polyphia,Renaissance,2016-03-25,246935,40,False,https://open.spotify.com/track/6DZb3JYHOAV0RR0VTEMCIn
26CD6boN0gB1Y2zXgQrfhw,Death Note (feat. Ichika),"Polyphia, Ichika Nito",New Levels New Devils,2018-10-12,220115,40,False,https://open.spotify.com/track/26CD6boN0gB1Y2zXgQrfhw
6zws4OjURj5NQox7MvKunh,Crosty,Polyphia,The Most Hated,2017-07-14,185751,39,False,https://open.spotify.com/track/6zws4OjURj5NQox7MvKunh
5f07SlGqb3uEmn1s3KtSVj,Inspire,Polyphia,Inspire,2013-04-21,325028,24,False,https://open.spotify.com/track/5f07SlGqb3uEmn1s3KtSVj
6kV4qIMB3yeXUlrPJHfl5g,Cyclus Doloris,ANGRA,Cycles Of Pain,2023-11-03,47808,19,False,https://open.spotify.com/track/6kV4qIMB3yeXUlrPJHfl5g
4S4sZuzgBXCw6LpiFRZtkh,Ride Into The Storm,ANGRA,Cycles Of Pain,2023-11-03,372221,27,False,https://open.spotify.com/track/4S4sZuzgBXCw6LpiFRZtkh
5L4cqsBkPTVQbsepUSEg1s,Dead Man On Display,ANGRA,Cycles Of Pain,2023-11-03,366550,24,False,https://open.spotify.com/track/5L4cqsBkPTVQbsepUSEg1s
6gauGKUQgLotQyVWB6eW9U,Tide Of Changes - Part I,ANGRA,Cycles Of Pain,2023-11-03,75293,22,False,https://open.spotify.com/track/6gauGKUQgLotQyVWB6eW9U
5XDlSzqOSXRjdx3YiWmXd7,Tide Of Changes - Part II,"ANGRA, Vanessa Moreno",Cycles Of Pain,2023-11-03,337651,27,False,https://open.spotify.com/track/5XDlSzqOSXRjdx3YiWmXd7
52oiJWl4oDiwJu1avyAtOQ,Vida Seca,"ANGRA, Lenine",Cycles Of Pain,2023-11-03,311172,30,False,https://open.spotify.com/track/52oiJWl4oDiwJu1avyAtOQ
3gBVKNTIfIsJIcszvDTw8s,Gods Of The World,ANGRA,Cycles Of Pain,2023-11-03,283683,23,False,https://open.spotify.com/track/3gBVKNTIfIsJIcszvDTw8s
4QXNWHqW6BqaFGRFR4jX9q,Cycles Of Pain,ANGRA,Cycles Of Pain,2023-11-03,313898,26,False,https://open.spotify.com/track/4QXNWHqW6BqaFGRFR4jX9q
6NnIDKiCZTJRvrnV3g2Ebf,Faithless Sanctuary,ANGRA,Cycles Of Pain,2023-11-03,399321,22,False,https://open.spotify.com/track/6NnIDKiCZTJRvrnV3g2Ebf
45VIrbiPh1rURwpeYKsyJ6,Here In The Now,"ANGRA, Vanessa Moreno",Cycles Of Pain,2023-11-03,354390,20,False,https://open.spotify.com/track/45VIrbiPh1rURwpeYKsyJ6
7IVl58cNW2aXh22jJEBY3Y,Generation Warriors,ANGRA,Cycles Of Pain,2023-11-03,308914,19,False,https://open.spotify.com/track/7IVl58cNW2aXh22jJEBY3Y
2KHOkeJSab3Bo86NtZbaev,Tears Of Blood,"ANGRA, Amanda Somerville",Cycles Of Pain,2023-11-03,335507,19,False,https://open.spotify.com/track/2KHOkeJSab3Bo86NtZbaev
0HAr4QR1xI8nwC7VfzYidu,Dead Memories,Slipknot,All Hope Is Gone,2008-08-22,268586,54,False,https://open.spotify.com/track/0HAr4QR1xI8nwC7VfzYidu
0BxE4FqsDD1Ot4YuBXwAPp,505,Arctic Monkeys,Favourite Worst Nightmare,2007-04-22,253586,81,False,https://open.spotify.com/track/0BxE4FqsDD1Ot4YuBXwAPp
4a4UrMYz1oLrdF1CzLcsGZ,Ascend,TheDooo,Ascend,2016-12-31,180035,42,False,https://open.spotify.com/track/4a4UrMYz1oLrdF1CzLcsGZ
1C9pVQCOeaRtGKgpGZeCMH,Closure,ZeRO,Closure,2023-12-29,325222,36,False,https://open.spotify.com/track/1C9pVQCOeaRtGKgpGZeCMH
4vpxG3E6LdXfskPmgB1Jvv,Spread Your Fire,ANGRA,Temple Of Shadows,2004-09-06,265373,41,False,https://open.spotify.com/track/4vpxG3E6LdXfskPmgB1Jvv
40ErEtkETfTCPN6LEk7AIU,Angels and Demons,ANGRA,Temple Of Shadows,2004-09-06,250933,36,False,https://open.spotify.com/track/40ErEtkETfTCPN6LEk7AIU
7mcfhVGJubjRnhpVI2N3yE,Waiting Silence,ANGRA,Temple Of Shadows,2004-09-06,295173,37,False,https://open.spotify.com/track/7mcfhVGJubjRnhpVI2N3yE
0wFziCCVtiJkonPL5KlRkD,No Pain for the Dead,ANGRA,Temple Of Shadows,2004-09-06,305360,31,False,https://open.spotify.com/track/0wFziCCVtiJkonPL5KlRkD
7ASFNvLc5HLrxWXk0Mf47V,Winds of Destination,ANGRA,Temple Of Shadows,2004-09-06,416346,30,False,https://open.spotify.com/track/7ASFNvLc5HLrxWXk0Mf47V
1KicYDj03VvVa8KqfxE1f5,Sprouts of Time,ANGRA,Temple Of Shadows,2004-09-06,309253,28,False,https://open.spotify.com/track/1KicYDj03VvVa8KqfxE1f5
0gjTMdOgwPcTvDpcCMjK5o,Late Redemption,ANGRA,Temple Of Shadows,2004-09-06,295346,33,False,https://open.spotify.com/track/0gjTMdOgwPcTvDpcCMjK5o
12Y45dPRmKRynhbAk7CMbm,Colorful,Kryour,Creatures Dwell My Room,2023-09-29,248000,5,False,https://open.spotify.com/track/12Y45dPRmKRynhbAk7CMbm
1NrEwzbHDeH36Qd5i2tVil,Destructive Hope,Kryour,Creatures Dwell My Room,2023-09-29,239683,10,False,https://open.spotify.com/track/1NrEwzbHDeH36Qd5i2tVil
6foBwO6IlqrbyDS7GMD1gz,Why Should I Know?,Kryour,Creatures Dwell My Room,2023-09-29,293963,5,False,https://open.spotify.com/track/6foBwO6IlqrbyDS7GMD1gz
4MrtUEbPQEnVGYhNIKJWPm,Chrysalism,Kryour,Creatures Dwell My Room,2023-09-29,208571,4,False,https://open.spotify.com/track/4MrtUEbPQEnVGYhNIKJWPm
0y5unxPEvpulXKPgw4StQW,Rédeas,Project46,Tr3s,2017-11-10,224855,28,False,https://open.spotify.com/track/0y5unxPEvpulXKPgw4StQW
7s35jIKRKE9BdHB9oTtA0m,Ivxx,Inversa,Mente,2015-09-20,79615,8,False,https://open.spotify.com/track/7s35jIKRKE9BdHB9oTtA0m
0QZVbcDQ8Ogx3aA7gifdXM,Wildfire,Periphery,Periphery V: Djent Is Not A Genre,2023-03-10,425653,37,False,https://open.spotify.com/track/0QZVbcDQ8Ogx3aA7gifdXM
2EItAzaGz504sxrTILsKGQ,Ruining My Mind,Melancholic Wine,Ruining My Mind,2023-11-28,221563,0,False,https://open.spotify.com/track/2EItAzaGz504sxrTILsKGQ
1SvdMHIKYbUm8OaWfLKqTH,Prantos,Melancholic Wine,Melancholic Wine,2023-11-01,243221,1,False,https://open.spotify.com/track/1SvdMHIKYbUm8OaWfLKqTH
3zo4t8a1bMgZMkpb0RQM9L,As a Ghost Inside of Me,Melancholic Wine,As a Ghost Inside of Me,2023-07-22,315972,0,False,https://open.spotify.com/track/3zo4t8a1bMgZMkpb0RQM9L
2Jq8RmSZadPmAVNVbqicuL,O Circo De Uma Tragédia,Melancholic Wine,O Circo De Uma Tragédia,2023-08-30,287193,0,False,https://open.spotify.com/track/2Jq8RmSZadPmAVNVbqicuL
4uWgwgMQGHeYD9rDXReaOB,Cacos,Melancholic Wine,Melancholic Wine,2023-11-01,259726,0,False,https://open.spotify.com/track/4uWgwgMQGHeYD9rDXReaOB
2HEM4wcGP2nFT1Z2i6jtvo,BxMxC,BABYMETAL,BxMxC,2020-10-09,183025,51,False,https://open.spotify.com/track/2HEM4wcGP2nFT1Z2i6jtvo
5ieDiSzEdwmNW9qrz8UVqm,MAYA,BABYMETAL,THE OTHER ONE,2023-03-24,203388,42,False,https://open.spotify.com/track/5ieDiSzEdwmNW9qrz8UVqm
3oKd79SzqVkiel75QUZxAy,Scarlet,Periphery,Periphery II,2012-06-29,248800,0,False,https://open.spotify.com/track/3oKd79SzqVkiel75QUZxAy
1RHGaGciJLV3KLwnpR7cqB,Zagreus,Periphery,Periphery V: Djent Is Not A Genre,2023-03-10,499386,30,False,https://open.spotify.com/track/1RHGaGciJLV3KLwnpR7cqB
23UabgkOE0AMUZ6Z8ZFAgN,Its Only Smiles,Periphery,Periphery IV: HAIL STAN,2019-04-05,333000,41,False,https://open.spotify.com/track/23UabgkOE0AMUZ6Z8ZFAgN
47XcNi19Dcd03HbvZhfH3f,Rumination,Crooked Royals,Rumination,2019-03-08,307933,20,False,https://open.spotify.com/track/47XcNi19Dcd03HbvZhfH3f
3CoX4C9RJJgkRAAbnsVW9Z,Fogo da Extinção,Tela Azzu,Baleia Explode,2024-04-05,309600,1,False,https://open.spotify.com/track/3CoX4C9RJJgkRAAbnsVW9Z
5jwwlAkkwW3q7ser8EGDii,Os Boyzin,"Tela Azzu, Adri L, Pedro Francisco",Baleia Explode,2024-04-05,262500,2,False,https://open.spotify.com/track/5jwwlAkkwW3q7ser8EGDii
48WIxuXCqFx85cfhvxH5UW,Pseudo-Reggae,Tela Azzu,Baleia Explode,2024-04-05,200700,0,False,https://open.spotify.com/track/48WIxuXCqFx85cfhvxH5UW
0QSPohbvsYOEcvkHnok13V,Erro +55,Project46,Que Seja Feita a Nossa Vontade,2014-04-08,280075,30,False,https://open.spotify.com/track/0QSPohbvsYOEcvkHnok13V
2wSBd0G5t1suEUn4xWM8Vh,HUNTING FOR YOUR DREAM,GALNERYUS,ANGEL OF SALVATION,2012-10-10,324453,50,False,https://open.spotify.com/track/2wSBd0G5t1suEUn4xWM8Vh
6FSCClIrk0Q1DhXnjUZWef,Inkya Impulse,二口魔菜 Futakuchi Mana,Covers 2021,2022-01-15,271457,39,False,https://open.spotify.com/track/6FSCClIrk0Q1DhXnjUZWef
5hheGdf1cb4rK0FNiedCfK,The Devil in I,Slipknot,.5: The Gray Chapter (Special Edition),2014-10-15,342821,68,False,https://open.spotify.com/track/5hheGdf1cb4rK0FNiedCfK
1QCj1poCyvcNUkMV5hu4Ad,Divine,All That Remains,Divine,2024-05-03,219676,40,False,https://open.spotify.com/track/1QCj1poCyvcNUkMV5hu4Ad
6V5RvNdSqdEDshRKhsiCEH,All of This Is Fleeting,Polaris,The Death of Me,2020-02-21,236380,53,False,https://open.spotify.com/track/6V5RvNdSqdEDshRKhsiCEH
6jQlyd5BxicSaSzIsOeMTs,KING,二口魔菜 Futakuchi Mana,Covers 2021,2022-01-15,151461,40,False,https://open.spotify.com/track/6jQlyd5BxicSaSzIsOeMTs
66okTxNlAoJz3M75ckmVBi,Cypher,"Hellana Pandora, Clayton King",Cypher,2024-06-23,222166,12,False,https://open.spotify.com/track/66okTxNlAoJz3M75ckmVBi
77oGPqxT7yDZ5OCRmR863C,Classical Dragon (feat. Tim Henson),"Marcin, Tim Henson",Classical Dragon (feat. Tim Henson),2024-06-07,198160,43,False,https://open.spotify.com/track/77oGPqxT7yDZ5OCRmR863C
7nD2aI26i75psXsxlfWbMZ,YOUR NEW MORNING ALARM,二口魔菜 Futakuchi Mana,Covers 2021,2022-01-15,66857,34,True,https://open.spotify.com/track/7nD2aI26i75psXsxlfWbMZ
12pGqwL9vpWEjGHLL2KaKu,Hurt You,二口魔菜 Futakuchi Mana,Hurt You,2024-05-25,230753,31,False,https://open.spotify.com/track/12pGqwL9vpWEjGHLL2KaKu
0F77a17ViRgnGBoGdZ7SNc,Idol - Metal Version,二口魔菜 Futakuchi Mana,Idol (Metal Version),2023-07-29,227934,26,False,https://open.spotify.com/track/0F77a17ViRgnGBoGdZ7SNc
3hPFvR0TAMi5lJAT0pnbnv,Datte,二口魔菜 Futakuchi Mana,Datte,2022-10-21,220800,35,False,https://open.spotify.com/track/3hPFvR0TAMi5lJAT0pnbnv
6IExKgiGLwERhYLUZRh3Ad,Megitsune,二口魔菜 Futakuchi Mana,Covers 2021,2022-01-15,250465,33,False,https://open.spotify.com/track/6IExKgiGLwERhYLUZRh3Ad
2Lv1k8ZSaC8XbjRvLPXqgM,Four Day Weekend,Moray Pringle,Four Day Weekend,2021-04-16,265950,33,False,https://open.spotify.com/track/2Lv1k8ZSaC8XbjRvLPXqgM
1HZgFYuymZ96QRFnAdPYDO,Bite the Second Hand,二口魔菜 Futakuchi Mana,Covers 2021,2022-01-15,255692,21,False,https://open.spotify.com/track/1HZgFYuymZ96QRFnAdPYDO
4UnKTmAPEc0WeEeric3VbC,Inabalável,LVCAS,Inabalável,2024-03-22,200913,26,False,https://open.spotify.com/track/4UnKTmAPEc0WeEeric3VbC
0hdPMH5NN60Y2566CuVCm3,Morning Star,ANGRA,Temple Of Shadows,2004-09-06,459466,31,False,https://open.spotify.com/track/0hdPMH5NN60Y2566CuVCm3
61m18rLQre2ubEifb8e3La,Serpentine,DEEP//FAKE,Serpentine,2024-04-22,217071,13,False,https://open.spotify.com/track/61m18rLQre2ubEifb8e3La
5yTqJgDMmtd739brJYkb84,Look But Don't Touch,"Polyphia, Lewis Grant",Look But Don't Touch,2019-04-01,218756,37,False,https://open.spotify.com/track/5yTqJgDMmtd739brJYkb84
241bD3HXJCfaltbLpyCOkH,Yas (feat. Mario Camarena and Erick Hansel),"Polyphia, Mario Camarena, Erick Hansel",New Levels New Devils,2018-10-12,202552,36,False,https://open.spotify.com/track/241bD3HXJCfaltbLpyCOkH
12ucsy3k4M5KfUeurgstuz,Marigold,Periphery,Periphery III: Select Difficulty,2016-07-26,439840,41,True,https://open.spotify.com/track/12ucsy3k4M5KfUeurgstuz
22LjjAkoK8UMOMK4y3x1bv,departure !,GALNERYUS,HUNTING FOR YOUR DREAM (TYPE-A),2012-07-18,297293,32,False,https://open.spotify.com/track/22LjjAkoK8UMOMK4y3x1bv
4kcyTvRHH66MTffdj47YZG,HUNTING FOR YOUR DREAM,GALNERYUS,HUNTING FOR YOUR DREAM (TYPE-A),2012-07-18,304120,40,False,https://open.spotify.com/track/4kcyTvRHH66MTffdj47YZG
7ncVUUM6Xr7XqyMd5WahwL,Vermelhor,GUIZZZAO,EU JÁ NÃO SINTO NADA,2024-08-14,193000,0,False,https://open.spotify.com/track/7ncVUUM6Xr7XqyMd5WahwL
5wEQenXXQjmmz2OdQufGyr,EU JÁ NÃO SINTO NADA,GUIZZZAO,EU JÁ NÃO SINTO NADA,2024-08-14,178983,3,True,https://open.spotify.com/track/5wEQenXXQjmmz2OdQufGyr
6hUqMHFCX7BS4TO2uCMUS1,Data Paralysis,Arkavello,Data Paralysis,2024-07-06,276446,18,False,https://open.spotify.com/track/6hUqMHFCX7BS4TO2uCMUS1
1BpMzIbVYhLfXTQe7ob2sY,Tender Surrender,Steve Vai,Alien Love Secrets,1995-03-21,301066,46,False,https://open.spotify.com/track/1BpMzIbVYhLfXTQe7ob2sY
5nU8y9rLbQ7FQAzM8uPXpr,Off of My Neck,Milo,Off of My Neck,2024-08-08,222208,10,True,https://open.spotify.com/track/5nU8y9rLbQ7FQAzM8uPXpr
6PUE9meFJfDVQI2l256Ol5,Angels in Stone,"Marc Teitler, Timothy Walker, Lucy Johnson",Angels in Stone,2024-07-05,139626,27,False,https://open.spotify.com/track/6PUE9meFJfDVQI2l256Ol5
7nQ5o3N5v8eDb0v8NpXf1H,Joy and Wonder,Dark Water Collective,Joy and Wonder,2021-12-15,201960,8,False,https://open.spotify.com/track/7nQ5o3N5v8eDb0v8NpXf1H
0UFDKFqW2oGspYeYqo9wjA,Bleed It Out,Linkin Park,Minutes to Midnight,2007-05-14,164426,73,True,https://open.spotify.com/track/0UFDKFqW2oGspYeYqo9wjA
60a0Rd6pjrkxjPbaKzXjfq,In the End,Linkin Park,Hybrid Theory (Bonus Edition),2000-10-24,216880,82,False,https://open.spotify.com/track/60a0Rd6pjrkxjPbaKzXjfq
2nLtzopw4rPReszdYBJU6h,Numb,Linkin Park,Meteora,2003-03-25,187520,83,False,https://open.spotify.com/track/2nLtzopw4rPReszdYBJU6h
18lR4BzEs7e3qzc0KVkTpU,What I've Done,Linkin Park,Minutes to Midnight,2007-05-14,205226,77,False,https://open.spotify.com/track/18lR4BzEs7e3qzc0KVkTpU
4Yf5bqU3NK4kNOypcrLYwU,Faint,Linkin Park,Meteora,2003-03-25,162106,79,False,https://open.spotify.com/track/4Yf5bqU3NK4kNOypcrLYwU
1fLlRApgzxWweF1JTf8yM5,Given Up,Linkin Park,Minutes to Midnight,2007-05-14,189293,72,True,https://open.spotify.com/track/1fLlRApgzxWweF1JTf8yM5
3xXBsjrbG1xQIm1xv1cKOt,One More Light,Linkin Park,One More Light,2017-05-19,255066,69,False,https://open.spotify.com/track/3xXBsjrbG1xQIm1xv1cKOt
5rAxhWcgFng3s570sGO2F8,A Place for My Head,Linkin Park,Hybrid Theory (Bonus Edition),2000-10-24,184640,68,False,https://open.spotify.com/track/5rAxhWcgFng3s570sGO2F8
4qVR3CF8FuFvHN4L6vXlB1,Lying from You,Linkin Park,Meteora (Bonus Edition),2003-03-25,175053,69,False,https://open.spotify.com/track/4qVR3CF8FuFvHN4L6vXlB1
2PnlsTsOTLE5jnBnNe2K0A,The Emptiness Machine,Linkin Park,The Emptiness Machine,2024-09-05,190427,78,True,https://open.spotify.com/track/2PnlsTsOTLE5jnBnNe2K0A
1Vej0qeQ3ioKwpI6FUbRv1,Papercut,Linkin Park,Hybrid Theory (Bonus Edition),2000-10-24,184866,73,False,https://open.spotify.com/track/1Vej0qeQ3ioKwpI6FUbRv1
3K4HG9evC7dg3N0R9cYqk4,One Step Closer,Linkin Park,Hybrid Theory (Bonus Edition),2000-10-24,157333,79,False,https://open.spotify.com/track/3K4HG9evC7dg3N0R9cYqk4
0zEiQ6PdtNcJYpbHC5oeym,Now Sink,"Syncatto, A.J. Minette",Fiction,2024-02-16,302246,18,False,https://open.spotify.com/track/0zEiQ6PdtNcJYpbHC5oeym
7fzKAjLezVedZwVaqCpgWf,Tangerina,GUIZZZAO,Tangerina,2024-09-20,148500,3,False,https://open.spotify.com/track/7fzKAjLezVedZwVaqCpgWf
3fgehc497TFqKH1zBL2YNK,Heavy Is the Crown,Linkin Park,Heavy Is the Crown,2024-09-24,167012,72,False,https://open.spotify.com/track/3fgehc497TFqKH1zBL2YNK
3RoycW4yhd2HCsWmLR7xIi,LIT,Polyphia,LIT,2017-01-13,252464,37,False,https://open.spotify.com/track/3RoycW4yhd2HCsWmLR7xIi
25GC50HslaaruyrKjdu0lP,Your Betrayal,Bullet For My Valentine,Fever,2010-04-20,291426,64,False,https://open.spotify.com/track/25GC50HslaaruyrKjdu0lP
1wNXz8HU08Cvpe2VNGUDN1,The Wake,Quantifier,The Ordinary Strain,2024-08-30,316666,17,False,https://open.spotify.com/track/1wNXz8HU08Cvpe2VNGUDN1
7H5JrkMHFDXAMz2erbrPod,Bad,Polyphia,New Levels New Devils,2018-10-12,235438,35,False,https://open.spotify.com/track/7H5JrkMHFDXAMz2erbrPod
1B5Y9I5wPfvD3C2A81A36C,Forest,System Of A Down,Toxicity,2001-09-04,240106,59,False,https://open.spotify.com/track/1B5Y9I5wPfvD3C2A81A36C
50rdYlPClDVPWEfmHzogbb,Scotty,Moray Pringle,Sunday Lines,2019-07-19,58298,29,False,https://open.spotify.com/track/50rdYlPClDVPWEfmHzogbb
6V8oQXzymTzpEZOsiBiyJT,Needles,System Of A Down,Toxicity,2001-09-04,193573,57,True,https://open.spotify.com/track/6V8oQXzymTzpEZOsiBiyJT
2UH4BOPtTsRVQBy7abPdat,Hypnosis,Sleep Token,This Place Will Become Your Tomb,2021-09-24,335960,62,False,https://open.spotify.com/track/2UH4BOPtTsRVQBy7abPdat
,navddCOMVOCAL,,,,196000,0,False,
0M3adYbGtyRHACP86dey1H,Throne,Bring Me The Horizon,That's The Spirit,2015-09-11,191520,73,False,https://open.spotify.com/track/0M3adYbGtyRHACP86dey1H
57BrRMwf9LrcmuOsyGilwr,Crawling,Linkin Park,Hybrid Theory (Bonus Edition),2000-10-24,208960,74,False,https://open.spotify.com/track/57BrRMwf9LrcmuOsyGilwr
3fjmSxt0PskST13CSdBUFx,Somewhere I Belong,Linkin Park,Meteora (Bonus Edition),2003-03-25,213933,73,False,https://open.spotify.com/track/3fjmSxt0PskST13CSdBUFx
7zAt4tdL44D3VuzsvM0N8n,Afterlife,Avenged Sevenfold,Avenged Sevenfold,2007-10-26,352426,67,False,https://open.spotify.com/track/7zAt4tdL44D3VuzsvM0N8n
7hdQyiOV1BGk0A396zZ5xG,The Emptiness Machine,Linkin Park,Over Each Other,2024-10-24,190427,44,True,https://open.spotify.com/track/7hdQyiOV1BGk0A396zZ5xG
5sPveYsZpRDv3N6sdUjwyq,Heavy Is the Crown,Linkin Park,Over Each Other,2024-10-24,167012,44,False,https://open.spotify.com/track/5sPveYsZpRDv3N6sdUjwyq
3t4IkHfT4eXZggkupi4SUe,Over Each Other,Linkin Park,Over Each Other,2024-10-24,170445,60,False,https://open.spotify.com/track/3t4IkHfT4eXZggkupi4SUe
1BLfQ6dPXmuDrFmbdfW7Jl,A Little Piece of Heaven,Avenged Sevenfold,Avenged Sevenfold,2007-10-26,480706,69,True,https://open.spotify.com/track/1BLfQ6dPXmuDrFmbdfW7Jl
0lP4HYLmvowOKdsQ7CVkuq,The Kill,Thirty Seconds To Mars,A Beautiful Lie,2005-08-16,231533,74,False,https://open.spotify.com/track/0lP4HYLmvowOKdsQ7CVkuq
7MOQrtXMNImAq5TrPZzC0w,Gunslinger,Avenged Sevenfold,Avenged Sevenfold,2007-10-26,251533,64,False,https://open.spotify.com/track/7MOQrtXMNImAq5TrPZzC0w
7Hr1Ignop7cymbE3FbOtXa,So Far Away,Avenged Sevenfold,Nightmare,2010-07-23,326813,61,False,https://open.spotify.com/track/7Hr1Ignop7cymbE3FbOtXa
5NSbT29Akg7FQLlmKKd0ae,Intruso,LVCAS,Humanamente,2024-11-08,221538,36,False,https://open.spotify.com/track/5NSbT29Akg7FQLlmKKd0ae
52IkC4kP4G7HHJ0qfzfOy6,The Concierge,GUIZZZAO,Seu Menino,2024-11-22,113125,6,False,https://open.spotify.com/track/52IkC4kP4G7HHJ0qfzfOy6
6i5qhmmF9UNUBRyrPSGn4m,Two Faced,Linkin Park,From Zero,2024-11-15,183584,74,False,https://open.spotify.com/track/6i5qhmmF9UNUBRyrPSGn4m
0J1IJsMbKWb5g2sJArTkGF,Stained,Linkin Park,From Zero,2024-11-15,185414,69,False,https://open.spotify.com/track/0J1IJsMbKWb5g2sJArTkGF
7M8eZBRTD9QNasEVReEM0H,IGYEIH,Linkin Park,From Zero,2024-11-15,209083,67,False,https://open.spotify.com/track/7M8eZBRTD9QNasEVReEM0H
1hRltAynDnjQn431q09hLC,Vida à Toa,GUIZZZAO,Seu Menino,2024-11-22,203389,6,False,https://open.spotify.com/track/1hRltAynDnjQn431q09hLC
5anCkDvJ17aznvK5TED5uo,Hail to the King,Avenged Sevenfold,Hail to the King,2013-08-23,305906,72,False,https://open.spotify.com/track/5anCkDvJ17aznvK5TED5uo
2nAZibb7kaMAb1bAsB3KFs,Angels Cry,ANGRA,Angels Cry,1993-11-03,408826,37,False,https://open.spotify.com/track/2nAZibb7kaMAb1bAsB3KFs
5I29F9GR0OkaU1nuxp9hU8,Memento Mori,Lamb of God,Lamb of God,2020-06-19,348099,53,False,https://open.spotify.com/track/5I29F9GR0OkaU1nuxp9hU8
5rK5df3OBJqrEHV5NiJjqu,Suffocating Under Words Of Sorrow (What Can I Do),Bullet For My Valentine,The Poison (20th Anniversary Edition),2024-11-29,215586,38,False,https://open.spotify.com/track/5rK5df3OBJqrEHV5NiJjqu
5mpUKTdskZea0gStWzeHUZ,Unsainted,Slipknot,We Are Not Your Kind,2019-08-09,260773,67,True,https://open.spotify.com/track/5mpUKTdskZea0gStWzeHUZ
2ipYQ6pcabz1NovVrr9LKH,Fighting Myself,Linkin Park,Meteora 20th Anniversary Edition,2023-04-07,201428,62,False,https://open.spotify.com/track/2ipYQ6pcabz1NovVrr9LKH
5TNhjanmvwvmjCz2WYwSAv,Square Hammer,Ghost,Meliora (Deluxe Edition),2016-09-16,239293,60,False,https://open.spotify.com/track/5TNhjanmvwvmjCz2WYwSAv
7j31rVgGX9Q2blT92VBEA0,Teenagers,My Chemical Romance,The Black Parade,2006-10-20,161920,75,False,https://open.spotify.com/track/7j31rVgGX9Q2blT92VBEA0
0q6LuUqGLUiCPP1cbdwFs3,On Melancholy Hill,Gorillaz,Plastic Beach,2010-03-03,233866,76,False,https://open.spotify.com/track/0q6LuUqGLUiCPP1cbdwFs3
5tSoI3o5ahnQvgKW5shipE,Amour,Polyphia,Renaissance,2016-03-25,221739,36,False,https://open.spotify.com/track/5tSoI3o5ahnQvgKW5shipE
2x8evxqUlF0eRabbW2JBJd,Fluorescent Adolescent,Arctic Monkeys,Favourite Worst Nightmare,2007-04-22,183893,73,False,https://open.spotify.com/track/2x8evxqUlF0eRabbW2JBJd
2BFlhUmJdrtwrmQe7mA3z0,Stabs,Moray Pringle,Stabs,2019-07-08,195295,41,False,https://open.spotify.com/track/2BFlhUmJdrtwrmQe7mA3z0
4I0Y7ogXkiME8HrtQHZuIH,Stormy,Nyu.,Flux,2018-11-30,130391,39,False,https://open.spotify.com/track/4I0Y7ogXkiME8HrtQHZuIH
03JFWSxq5pj3z1kkp9cXOQ,Awakening,Ichika Nito,Awakening,2022-06-02,117502,37,False,https://open.spotify.com/track/03JFWSxq5pj3z1kkp9cXOQ
37Unx14mB8QnCx0bDjtCM8,i miss you,Ichika Nito,i miss you,2019-07-10,116791,42,False,https://open.spotify.com/track/37Unx14mB8QnCx0bDjtCM8
0mBaNubl6Jt77aZ381cWKZ,FUJA,Pedro Soares Neto,FUJA,2025-01-31,187674,11,False,https://open.spotify.com/track/0mBaNubl6Jt77aZ381cWKZ
